-- MySQL dump 10.13  Distrib 5.7.21, for Linux (x86_64)
--
-- Host: localhost    Database: pes_dev
-- ------------------------------------------------------
-- Server version	5.7.21-1ubuntu1

/*!40101 SET @OLD_CHARACTER_SET_CLIENT=@@CHARACTER_SET_CLIENT */;
/*!40101 SET @OLD_CHARACTER_SET_RESULTS=@@CHARACTER_SET_RESULTS */;
/*!40101 SET @OLD_COLLATION_CONNECTION=@@COLLATION_CONNECTION */;
/*!40101 SET NAMES utf8 */;
/*!40103 SET @OLD_TIME_ZONE=@@TIME_ZONE */;
/*!40103 SET TIME_ZONE='+00:00' */;
/*!40014 SET @OLD_UNIQUE_CHECKS=@@UNIQUE_CHECKS, UNIQUE_CHECKS=0 */;
/*!40014 SET @OLD_FOREIGN_KEY_CHECKS=@@FOREIGN_KEY_CHECKS, FOREIGN_KEY_CHECKS=0 */;
/*!40101 SET @OLD_SQL_MODE=@@SQL_MODE, SQL_MODE='NO_AUTO_VALUE_ON_ZERO' */;
/*!40111 SET @OLD_SQL_NOTES=@@SQL_NOTES, SQL_NOTES=0 */;

--
-- Table structure for table `alembic_version`
--

DROP TABLE IF EXISTS `alembic_version`;
/*!40101 SET @saved_cs_client     = @@character_set_client */;
/*!40101 SET character_set_client = utf8 */;
CREATE TABLE `alembic_version` (
  `version_num` varchar(32) NOT NULL,
  PRIMARY KEY (`version_num`)
) ENGINE=InnoDB DEFAULT CHARSET=latin1;
/*!40101 SET character_set_client = @saved_cs_client */;

--
-- Dumping data for table `alembic_version`
--

LOCK TABLES `alembic_version` WRITE;
/*!40000 ALTER TABLE `alembic_version` DISABLE KEYS */;
/*!40000 ALTER TABLE `alembic_version` ENABLE KEYS */;
UNLOCK TABLES;

--
-- Table structure for table `competition`
--

DROP TABLE IF EXISTS `competition`;
/*!40101 SET @saved_cs_client     = @@character_set_client */;
/*!40101 SET character_set_client = utf8 */;
CREATE TABLE `competition` (
  `competition_id` int(11) NOT NULL,
  `competition_name` text,
  `competition_game_name` text,
  `country_id` int(11) DEFAULT NULL,
  `competition_type_id` int(11) DEFAULT NULL,
  `competition_team_type_id` int(11) DEFAULT NULL,
  `competition_level_id` int(11) DEFAULT NULL,
  `competition_zone_id` int(11) DEFAULT NULL,
  PRIMARY KEY (`competition_id`)
) ENGINE=InnoDB DEFAULT CHARSET=latin1;
/*!40101 SET character_set_client = @saved_cs_client */;

--
-- Dumping data for table `competition`
--

LOCK TABLES `competition` WRITE;
/*!40000 ALTER TABLE `competition` DISABLE KEYS */;
INSERT INTO `competition` VALUES (0,'Premier League','championnat anglais 1',22,0,0,0,0),(1,'League Championship','championnat anglais 2',22,0,0,1,0),(3,'Ligue 1 Conforama','championnat français 1',23,0,0,0,0),(4,'Domino\'s Ligue 2','championnat français 2',23,0,0,1,0),(5,'Serie A','championnat italien 1',35,0,0,0,0),(6,'Serie B','championnat italien 2',35,0,0,1,0),(7,'Eredivisie','championnat pays bas',45,0,0,0,0),(8,'Liga Santander','championnat espagnol 1',67,0,0,0,0),(9,'LIGA ADELANTE','championnat espagnol 2',67,0,0,1,0),(10,'Liga Nos','championnat portugais',55,0,0,0,0),(12,'Série A','championnat brésilien',8,0,0,0,5),(13,'Superliga Quilmes Clásica','championnat argentin',2,0,0,0,5),(14,'Primera División','championnat chilien',12,0,0,0,5),(15,'AFC Champions League','Ligue des champions d\'Asie ',-1,1,0,-1,5),(17,'coupe du monde','coupe du monde',-1,1,2,-1,-1),(25,'Russian Premier Liga','championnat russe',59,0,0,0,0),(26,'superliga','championnat danois',19,0,0,0,0),(27,'Raiffeisen Super League','championnat suisse',69,0,0,0,0),(28,'Ladbrokes Premiership','championnat écossais',61,0,0,0,0),(29,'Jupiler Pro League','championnat belge',5,0,0,0,0);
/*!40000 ALTER TABLE `competition` ENABLE KEYS */;
UNLOCK TABLES;

--
-- Table structure for table `competition_season`
--

DROP TABLE IF EXISTS `competition_season`;
/*!40101 SET @saved_cs_client     = @@character_set_client */;
/*!40101 SET character_set_client = utf8 */;
CREATE TABLE `competition_season` (
  `competition_season_id` int(11) NOT NULL AUTO_INCREMENT,
  `season_id` int(11) DEFAULT NULL,
  `competition_id` int(11) DEFAULT NULL,
  `team_id` int(11) DEFAULT NULL,
  PRIMARY KEY (`competition_season_id`)
) ENGINE=InnoDB AUTO_INCREMENT=444 DEFAULT CHARSET=latin1;
/*!40101 SET character_set_client = @saved_cs_client */;

--
-- Dumping data for table `competition_season`
--

LOCK TABLES `competition_season` WRITE;
/*!40000 ALTER TABLE `competition_season` DISABLE KEYS */;
INSERT INTO `competition_season` VALUES (1,0,0,189),(2,0,0,180),(3,0,0,192),(4,0,0,183),(5,0,0,182),(6,0,0,181),(7,0,0,200),(8,0,0,190),(9,0,0,195),(10,0,0,186),(11,0,0,202),(12,0,0,220),(13,0,0,185),(14,0,0,212),(15,0,0,199),(16,0,0,219),(17,0,0,197),(18,0,0,218),(19,0,0,210),(20,0,0,213),(21,0,1,198),(22,0,1,201),(23,0,1,191),(24,0,1,187),(25,0,1,196),(26,0,1,203),(27,0,1,222),(28,0,1,205),(29,0,1,221),(30,0,1,223),(31,0,1,217),(32,0,1,204),(33,0,1,184),(34,0,1,206),(35,0,1,209),(36,0,1,214),(37,0,1,207),(38,0,1,216),(39,0,1,193),(40,0,1,208),(41,0,1,194),(42,0,1,215),(43,0,1,225),(44,0,1,211),(45,1,0,220),(46,1,0,199),(47,1,0,200),(48,1,0,201),(49,1,0,182),(50,1,0,202),(51,1,0,190),(52,1,0,181),(53,1,0,183),(54,1,0,191),(55,1,0,219),(56,1,0,195),(57,1,0,189),(58,1,0,180),(59,1,0,186),(60,1,0,197),(61,1,0,192),(62,1,0,212),(63,1,0,185),(64,1,0,198),(65,1,1,187),(66,1,1,193),(67,1,1,581),(68,1,1,194),(69,1,1,221),(70,1,1,217),(71,1,1,203),(72,1,1,216),(73,1,1,204),(74,1,1,184),(75,1,1,196),(76,1,1,205),(77,1,1,206),(78,1,1,207),(79,1,1,222),(80,1,1,214),(81,1,1,208),(82,1,1,582),(83,1,1,223),(84,1,1,209),(85,1,1,210),(86,1,1,218),(87,1,1,213),(88,1,1,583),(89,0,3,262),(90,0,3,227),(91,0,3,252),(92,0,3,254),(93,0,3,236),(94,0,3,253),(95,0,3,261),(96,0,3,239),(97,0,3,230),(98,0,3,237),(99,0,3,238),(100,0,3,240),(101,0,3,228),(102,0,3,232),(103,0,3,229),(104,0,3,266),(105,0,3,244),(106,0,3,245),(107,0,3,241),(108,0,3,243),(109,0,4,234),(110,0,4,260),(111,0,4,231),(112,0,4,263),(113,0,4,255),(114,0,4,246),(115,0,4,247),(116,0,4,584),(117,0,4,248),(118,0,4,233),(119,0,4,249),(120,0,4,250),(121,0,4,259),(122,0,4,251),(123,0,4,264),(124,0,4,265),(125,0,4,256),(126,0,4,242),(127,0,4,243),(128,0,4,258),(129,0,4,267),(130,0,4,257),(131,1,3,262),(132,1,3,227),(133,1,3,252),(134,1,3,254),(135,1,3,236),(136,1,3,239),(137,1,3,230),(138,1,3,237),(139,1,3,238),(140,1,3,259),(141,1,3,240),(142,1,3,228),(143,1,3,232),(144,1,3,229),(145,1,3,266),(146,1,3,256),(147,1,3,244),(148,1,3,245),(149,1,3,241),(150,1,3,243),(151,1,4,234),(152,1,4,260),(153,1,4,585),(154,1,4,231),(155,1,4,255),(156,1,4,246),(157,1,4,247),(158,1,4,253),(159,1,4,261),(160,1,4,584),(161,1,4,248),(162,1,4,233),(163,1,4,249),(164,1,4,250),(165,1,4,251),(166,1,4,264),(167,1,4,265),(168,1,4,586),(169,1,4,242),(170,1,4,257),(171,1,25,515),(172,1,25,372),(173,1,25,516),(174,1,25,517),(175,1,25,518),(176,1,25,519),(177,1,25,520),(178,1,25,521),(179,1,25,522),(180,1,25,523),(181,1,25,524),(182,1,25,525),(183,1,25,526),(184,1,25,527),(185,1,25,371),(186,1,25,373),(187,1,26,536),(188,1,26,537),(189,1,26,538),(190,1,26,539),(191,1,26,540),(192,1,26,179),(193,1,26,541),(194,1,26,542),(195,1,26,543),(196,1,26,544),(197,1,26,545),(198,1,26,546),(199,1,26,547),(200,1,26,548),(201,1,27,421),(202,1,27,528),(203,1,27,529),(204,1,27,530),(205,1,27,531),(206,1,27,532),(207,1,27,533),(208,1,27,534),(209,1,27,535),(210,1,27,422),(211,1,28,549),(212,1,28,550),(213,1,28,551),(214,1,28,552),(215,1,28,553),(216,1,28,554),(217,1,28,555),(218,1,28,556),(219,1,28,557),(220,1,28,558),(221,1,28,559),(222,1,28,560),(223,1,29,561),(224,1,29,562),(225,1,29,563),(226,1,29,564),(227,1,29,565),(228,1,29,566),(229,1,29,567),(230,1,29,568),(231,1,29,569),(232,1,29,570),(233,1,29,571),(234,1,29,174),(235,1,29,572),(236,1,29,573),(237,1,29,574),(238,1,29,575),(239,1,10,351),(240,1,10,347),(241,1,10,365),(242,1,10,361),(243,1,10,363),(244,1,10,359),(245,1,10,348),(246,1,10,364),(247,1,10,353),(248,1,10,362),(249,1,10,577),(250,1,10,358),(251,1,10,355),(252,1,10,578),(253,1,10,352),(254,1,10,349),(255,1,10,350),(256,1,10,356),(257,1,13,579),(258,1,13,50),(259,1,13,74),(260,1,13,65),(261,1,13,71),(262,1,13,49),(263,1,13,61),(264,1,13,75),(265,1,13,52),(266,1,13,53),(267,1,13,62),(268,1,13,60),(269,1,13,54),(270,1,13,66),(271,1,13,55),(272,1,13,76),(273,1,13,51),(274,1,13,48),(275,1,13,56),(276,1,13,57),(277,1,13,63),(278,1,13,580),(279,1,13,81),(280,1,13,64),(281,1,13,72),(282,1,13,58),(283,1,5,296),(284,1,5,292),(285,1,5,302),(286,1,5,294),(287,1,5,297),(288,1,5,290),(289,1,5,322),(290,1,5,299),(291,1,5,303),(292,1,5,286),(293,1,5,287),(294,1,5,285),(295,1,5,288),(296,1,5,304),(297,1,5,289),(298,1,5,291),(299,1,5,312),(300,1,5,325),(301,1,5,307),(302,1,5,295),(303,1,6,300),(304,1,6,321),(305,1,6,293),(306,1,6,316),(307,1,6,313),(308,1,6,587),(309,1,6,318),(310,1,6,310),(311,1,6,326),(312,1,6,588),(313,1,6,589),(314,1,6,590),(315,1,6,298),(316,1,6,323),(317,1,6,305),(318,1,6,324),(319,1,6,311),(320,1,6,319),(321,1,6,308),(322,1,7,331),(323,1,7,327),(324,1,7,330),(325,1,7,591),(326,1,7,341),(327,1,7,592),(328,1,7,332),(329,1,7,337),(330,1,7,328),(331,1,7,593),(332,1,7,342),(333,1,7,334),(334,1,7,340),(335,1,7,329),(336,1,7,333),(337,1,7,338),(338,1,8,408),(339,1,8,386),(340,1,8,382),(341,1,8,378),(342,1,8,383),(343,1,8,384),(344,1,8,409),(345,1,8,387),(346,1,8,404),(347,1,8,403),(348,1,8,396),(349,1,8,413),(350,1,8,399),(351,1,8,401),(352,1,8,379),(353,1,8,385),(354,1,8,390),(355,1,8,391),(356,1,8,380),(357,1,8,392),(358,1,9,416),(359,1,9,405),(360,1,9,394),(361,1,9,417),(362,1,9,395),(363,1,9,402),(364,1,9,381),(365,1,9,414),(366,1,9,398),(367,1,9,406),(368,1,9,400),(369,1,9,388),(370,1,9,389),(371,1,9,412),(372,1,9,415),(373,1,9,397),(374,1,9,410),(375,1,9,393),(376,1,12,594),(377,1,12,90),(378,1,12,99),(379,1,12,91),(380,1,12,595),(381,1,12,109),(382,1,12,92),(383,1,12,89),(384,1,12,105),(385,1,12,93),(386,1,12,94),(387,1,12,95),(388,1,12,96),(389,1,12,88),(390,1,12,596),(391,1,12,97),(392,1,12,98),(393,1,12,101),(394,1,12,87),(395,1,12,102),(396,1,14,113),(397,1,14,122),(398,1,14,124),(399,1,14,115),(400,1,14,119),(401,1,14,112),(402,1,14,111),(403,1,14,126),(404,1,14,123),(405,1,14,121),(406,1,14,128),(407,1,14,114),(408,1,14,127),(409,1,14,116),(410,1,14,597),(411,1,14,125),(412,1,17,24),(413,1,17,22),(414,1,17,5),(415,1,17,17),(416,1,17,19),(417,1,17,67),(418,1,17,23),(419,1,17,30),(420,1,17,54),(421,1,17,55),(422,1,17,59),(423,1,17,63),(424,1,17,68),(425,1,17,69),(426,1,17,21),(427,1,17,44),(428,1,17,47),(429,1,17,62),(430,1,17,71),(431,1,17,2),(432,1,17,8),(433,1,17,14),(434,1,17,75),(435,1,17,53),(436,1,17,60),(437,1,17,3),(438,1,17,57),(439,1,17,31),(440,1,17,37),(441,1,17,15),(442,1,17,43),(443,1,17,51);
/*!40000 ALTER TABLE `competition_season` ENABLE KEYS */;
UNLOCK TABLES;

--
-- Table structure for table `competition_type`
--

DROP TABLE IF EXISTS `competition_type`;
/*!40101 SET @saved_cs_client     = @@character_set_client */;
/*!40101 SET character_set_client = utf8 */;
CREATE TABLE `competition_type` (
  `competition_type_id` int(11) NOT NULL,
  `competition_type_name` text,
  PRIMARY KEY (`competition_type_id`)
) ENGINE=InnoDB DEFAULT CHARSET=latin1;
/*!40101 SET character_set_client = @saved_cs_client */;

--
-- Dumping data for table `competition_type`
--

LOCK TABLES `competition_type` WRITE;
/*!40000 ALTER TABLE `competition_type` DISABLE KEYS */;
INSERT INTO `competition_type` VALUES (0,'championship'),(1,'cup');
/*!40000 ALTER TABLE `competition_type` ENABLE KEYS */;
UNLOCK TABLES;

--
-- Table structure for table `country`
--

DROP TABLE IF EXISTS `country`;
/*!40101 SET @saved_cs_client     = @@character_set_client */;
/*!40101 SET character_set_client = utf8 */;
CREATE TABLE `country` (
  `id` int(11) NOT NULL,
  `name` text,
  `abbreviation` text,
  `zone_id` int(11) DEFAULT NULL,
  PRIMARY KEY (`id`)
) ENGINE=InnoDB DEFAULT CHARSET=latin1;
/*!40101 SET character_set_client = @saved_cs_client */;

--
-- Dumping data for table `country`
--

LOCK TABLES `country` WRITE;
/*!40000 ALTER TABLE `country` DISABLE KEYS */;
INSERT INTO `country` VALUES (0,'ALBANIA','ALB',0),(1,'ALGERIA','ALG',0),(2,'ARGENTINA','ARG',5),(3,'AUSTRALIA','AUS',6),(4,'AUSTRIA','AUT',0),(5,'BELGIUM','BEL',0),(6,'BOLIVIA','BOL',5),(7,'BOSNIA AND HERZEGOVINA','BIH',0),(8,'BRAZIL','BRA',5),(9,'BULGARIA','BUL',0),(10,'BURKINA FASO','BFA',1),(11,'CAMEROON','CMR',1),(12,'CHILE','CHL',5),(13,'CHINA','CHN',6),(14,'COLOMBIA','COL',5),(15,'COSTA RICA','CRI',4),(16,'CÔTE D\'IVOIRE','CIV',1),(17,'CROATIA','CRO',0),(18,'CZECH REPUBLIC','CZE',0),(19,'DENMARK','DEN',0),(20,'ECUADOR','ECU',5),(21,'EGYPT','EGY',1),(22,'ENGLAND','ENG',0),(23,'FRANCE','FRA',0),(24,'GERMANY','GER',0),(25,'GHANA','GHA',1),(26,'GREECE','GRE',0),(27,'GUINEA','GIN',1),(28,'HONDURAS','HND',4),(29,'HUNGARY','HUN',0),(30,'ICELAND','ISL',0),(31,'IRAN','IRN',6),(32,'IRAQ','IRQ',6),(33,'IRELAND','IRL',0),(34,'ISRAEL','ISR',0),(35,'ITALY','ITA',0),(36,'JAMAICA','JAM',4),(37,'JAPAN','JPN',6),(38,'JORDAN','JOR',6),(39,'KOREA DPR','PRK',6),(40,'KUWAIT','KWT',6),(41,'LEBANON','LBN',6),(42,'MALI','MLI',1),(43,'MEXICO','MEX',3),(44,'MOROCCO','MAR',1),(45,'NETHERLANDS','NED',0),(46,'NEW ZEALAND','NZL',6),(47,'NIGERIA','NGA',1),(48,'NORTHERN IRELAND','NIR',0),(49,'NORWAY','NOR',0),(50,'OMAN','OMN',6),(51,'PANAMA','PAN',4),(52,'PARAGUAY','PAR',5),(53,'PERU','PER',5),(54,'POLAND','POL',0),(55,'PORTUGAL','POR',0),(56,'QATAR','QAT',6),(57,'REPUBLIC OF KOREA','KOR',6),(58,'ROMANIA','ROU',0),(59,'RUSSIA','RUS',0),(60,'SAUDI ARABIA','SAU',6),(61,'SCOTLAND','SCO',0),(62,'SENEGAL','SEN',1),(63,'SERBIA','SER',0),(64,'SLOVAKIA','SVK',0),(65,'SLOVENIA','SVN',0),(66,'SOUTH AFRICA','ZAF',1),(67,'SPAIN','ESP',0),(68,'SWEDEN','SWE',0),(69,'SWITZERLAND','SUI',0),(70,'THAILAND','THA',6),(71,'TUNISIA','TUN',1),(72,'TURKEY','TUR',0),(73,'UKRAINE','UKR',0),(74,'UNITED ARAB EMIRATES','ARE',6),(75,'URUGUAY','URU',5),(76,'USA','USA',3),(77,'UZBEKISTAN','UZB',6),(78,'VENEZUELA','VEN',5),(79,'WALES','WAL',0),(80,'ZAMBIA','ZAM',1),(81,'HONG KONG','HKG',6),(82,'INDIA','IND',6),(83,'INDONESIA','IDN',6),(84,'VIETNAM','VNM',6),(85,'SINGAPORE','SGP',6),(86,'CLASSIC','CLA',7);
/*!40000 ALTER TABLE `country` ENABLE KEYS */;
UNLOCK TABLES;

--
-- Table structure for table `game_teams_old`
--

DROP TABLE IF EXISTS `game_teams_old`;
/*!40101 SET @saved_cs_client     = @@character_set_client */;
/*!40101 SET character_set_client = utf8 */;
CREATE TABLE `game_teams_old` (
  `game_team_id` int(11) NOT NULL AUTO_INCREMENT,
  `game_team_name` varchar(64) DEFAULT NULL,
  `game_team_game_name` varchar(64) DEFAULT NULL,
  PRIMARY KEY (`game_team_id`),
  UNIQUE KEY `game_team_game_name` (`game_team_game_name`),
  UNIQUE KEY `game_team_name` (`game_team_name`)
) ENGINE=InnoDB AUTO_INCREMENT=2 DEFAULT CHARSET=latin1;
/*!40101 SET character_set_client = @saved_cs_client */;

--
-- Dumping data for table `game_teams_old`
--

LOCK TABLES `game_teams_old` WRITE;
/*!40000 ALTER TABLE `game_teams_old` DISABLE KEYS */;
INSERT INTO `game_teams_old` VALUES (1,'test','test game');
/*!40000 ALTER TABLE `game_teams_old` ENABLE KEYS */;
UNLOCK TABLES;

--
-- Table structure for table `season`
--

DROP TABLE IF EXISTS `season`;
/*!40101 SET @saved_cs_client     = @@character_set_client */;
/*!40101 SET character_set_client = utf8 */;
CREATE TABLE `season` (
  `season_id` int(11) NOT NULL,
  `season_name` varchar(45) DEFAULT NULL,
  PRIMARY KEY (`season_id`)
) ENGINE=InnoDB DEFAULT CHARSET=latin1;
/*!40101 SET character_set_client = @saved_cs_client */;

--
-- Dumping data for table `season`
--

LOCK TABLES `season` WRITE;
/*!40000 ALTER TABLE `season` DISABLE KEYS */;
INSERT INTO `season` VALUES (0,'2017/2018'),(1,'2018/2019');
/*!40000 ALTER TABLE `season` ENABLE KEYS */;
UNLOCK TABLES;

--
-- Table structure for table `teams`
--

DROP TABLE IF EXISTS `teams`;
/*!40101 SET @saved_cs_client     = @@character_set_client */;
/*!40101 SET character_set_client = utf8 */;
CREATE TABLE `teams` (
  `team_id` int(11) NOT NULL,
  `competition_team_type_id` int(11) DEFAULT NULL,
  `team_name` text,
  `team_abbreviation` text,
  `zone_id` int(11) DEFAULT NULL,
  `country_id` int(11) DEFAULT NULL,
  PRIMARY KEY (`team_id`)
) ENGINE=InnoDB DEFAULT CHARSET=latin1;
/*!40101 SET character_set_client = @saved_cs_client */;

--
-- Dumping data for table `teams`
--

LOCK TABLES `teams` WRITE;
/*!40000 ALTER TABLE `teams` DISABLE KEYS */;
INSERT INTO `teams` VALUES (0,0,'HUANGYING QINGSHUN','HGQ',6,13),(1,0,'JIANGSU SUNING FC','JIS',6,13),(2,0,'GUANGZHOU EVERGRANDE','GUE',6,13),(3,0,'SHANGHAI SIPG FC','SHA',6,13),(4,0,'EASTERN SC','EAS',6,81),(5,0,'BHARSHAPUR','BSP',6,82),(6,0,'CERSIPLA JAKARTA','CPJ',6,83),(7,0,'SAYRAMSKAL','SYS',6,31),(8,0,'ZANGRHAN','ZRH',6,31),(9,0,'ESTEGHLAL FC','ESE',6,31),(10,0,'ZOB AHAN FC','ZOA',6,31),(11,0,'PERSEPOLIS FC','PEE',6,31),(12,0,'ESTEGHLAL KHUZESTAN','ESK',6,31),(13,0,'WE UNITED','WEU',6,37),(14,0,'ALTIPLANO BUNAN','BNN',6,37),(15,0,'KASHIMA ANTLERS','KAA',6,37),(16,0,'URAWA RED DIAMONDS','URD',6,37),(17,0,'GAMBA OSAKA','GAO',6,37),(18,0,'KAWASAKI FRONTALE','KAF',6,37),(19,0,'MOUQABARAM','MQB',6,38),(20,0,'SUJUNG BADA','SJB',6,57),(21,0,'CHEONSANG TEAYANG','CTY',6,57),(22,0,'SUWON BLUEWINGS','SUB',6,57),(23,0,'FC SEOUL','SEO',6,57),(24,0,'ULSAN HYUNDAI HORANG-I','UHH',6,57),(25,0,'JEJU UNITED FC','JEU',6,57),(26,0,'QATOREJAN','QTJ',6,56),(27,0,'AL RAYYAN SC','RAY',6,56),(28,0,'LEKHWIYA SC','LEK',6,56),(29,0,'YARAYDECCAH','YDC',6,60),(30,0,'MORATYADI','MYD',6,60),(31,0,'-0','-0',6,60),(32,0,'AL AHLI SC (JEDDAH)','AHJ',6,60),(33,0,'AL HILAL FC (RIYADH)','HIR',6,60),(34,0,'AL FATEH SC','FAT',6,60),(35,0,'AL TAAWON FC','TAA',6,60),(36,0,'FONTANA CITY','FTC',6,85),(37,0,'KRUNGTHEP UNITED','KTU',6,70),(38,0,'MUANG THONG UNITED','MTU',6,70),(39,0,'ALMORFIDA','MFD',6,74),(40,0,'KHARIMSHARJAH','KHR',6,74),(41,0,'AL AIN SCC','AIN',6,74),(42,0,'AL JAZIRA SCC','JAZ',6,74),(43,0,'AL AHLI FC DUBAI','AHD',6,74),(44,0,'AL WAHDA FC (ABU DHABI)','WAD',6,74),(45,0,'HAIPHONG ATHLETIC','HPA',6,84),(46,0,'PLEASURE HORN','PSH',1,66),(47,0,'CHEQUEBERO','CQB',3,43),(48,0,'CA RIVER PLATE','RIV',5,2),(49,0,'CA BOCA JUNIORS','BOC',5,2),(50,0,'ARGENTINOS JUNIORS','AAJ',5,2),(51,0,'RACING CLUB','RAC',5,2),(52,0,'ESTUDIANTES DE LA PLATA','EST',5,2),(53,0,'GIMNASIA LA PLATA','GIM',5,2),(54,0,'CA INDEPENDIENTE','IND',5,2),(55,0,'NEWELL\'S OLD BOYS','NOB',5,2),(56,0,'CA ROSARIO CENTRAL','CEN',5,2),(57,0,'SAN LORENZO','SLO',5,2),(58,0,'VÉLEZ SARSFIELD','VEL',5,2),(59,0,'ARSENAL DE SARANDÍ','ARS',5,2),(60,0,'CA HURACÁN','HUR',5,2),(61,0,'COLÓN DE SANTA FE','COL',5,2),(62,0,'GODOY CRUZ','GOD',5,2),(63,0,'SAN MARTÍN SAN JUAN','SMA',5,2),(64,0,'CA TIGRE','TIG',5,2),(65,0,'CA BANFIELD','BAN',5,2),(66,0,'CA LANÚS','LAN',5,2),(67,0,'S.D. QUAZTOLLA','QZL',5,2),(68,0,'-0','-0',5,2),(69,0,'PUNTIHUERVA','PHV',5,2),(70,0,'CUNTURIPA','CTP',5,2),(71,0,'CA BELGRANO DE CÓRDOBA','BEL',5,2),(72,0,'CA UNIÓN DE SANTA FE','UNI',5,2),(73,0,'OLIMPO','OLI',5,2),(74,0,'ATLÉTICO TUCUMÁN','ATU',5,2),(75,0,'CSD DEFENSA Y JUSTICIA','DYJ',5,2),(76,0,'PATRONATO','PAT',5,2),(77,0,'GIMARQUELLA','GQL',5,2),(78,0,'CA TEMPERLEY','TEM',5,2),(79,0,'CA CHACARITA JUNIORS','CHJ',5,2),(80,0,'GUILLERMO BROWN','GLB',5,2),(81,0,'CA TALLERES DE CÓRDOBA','TAL',5,2),(82,0,'ARUZUTANQUE','ARZ',5,6),(83,0,'QUERTEMOYO','QRT',5,6),(84,0,'TRAPERZO','TRP',5,6),(85,0,'BENBACAMPO','BNB',5,6),(86,0,'JOBAZAVAR','JZV',5,6),(87,0,'CR VASCO DA GAMA','VAG',5,8),(88,0,'PALMEIRAS','PAL',5,8),(89,0,'CRUZEIRO EC','CRU',5,8),(90,0,'ATLÉTICO MINEIRO','CAM',5,8),(91,0,'BOTAFOGO','BOT',5,8),(92,0,'SC CORINTHIANS PAULISTA','COR',5,8),(93,0,'C.R. FLAMENGO','FLA',5,8),(94,0,'FLUMINENSE FC','FLU',5,8),(95,0,'GRÊMIO','GRE',5,8),(96,0,'SC INTERNACIONAL','INT',5,8),(97,0,'SANTOS F.C.','SAN',5,8),(98,0,'SÃO PAULO FC','SAO',5,8),(99,0,'ATLÉTICO PARANAENSE','CAP',5,8),(100,0,'CORITIBA FC','CFC',5,8),(101,0,'SPORT RECIFE','SPO',5,8),(102,0,'E.C. VITÓRIA','VIT',5,8),(103,0,'AC GOIANIENSE','AGI',5,8),(104,0,'AVAI FC','AVI',5,8),(105,0,'EC BAHIA','BAH',5,8),(106,0,'PONTE PRETA','PON',5,8),(107,0,'CATERAVAI','CRV',5,8),(108,0,'TARGUERAL','TRL',5,8),(109,0,'CHAPECOENSE','CHA',5,8),(110,0,'RED BULL BRASIL','RBB',5,8),(111,0,'COLO COLO','CC',5,12),(112,0,'UNIVERSIDAD CATÓLICA','UC',5,12),(113,0,'AUDAX ITALIANO','AI',5,12),(114,0,'EVERTON','EVT',5,12),(115,0,'UNIVERSIDAD DE CHILE','UCH',5,12),(116,0,'UNIÓN ESPAÑOLA','UE',5,12),(117,0,'GIBERCHAMPU','GCP',5,12),(118,0,'ZARQUAGENA','ZQG',5,12),(119,0,'O\'HIGGINS','OHI',5,12),(120,0,'SANTIAGO WANDERERS','SW',5,12),(121,0,'DEPORTES IQUIQUE','IQU',5,12),(122,0,'HUACHIPATO','HUA',5,12),(123,0,'ANTOFAGASTA','ANT',5,12),(124,0,'PALESTINO','PAL',5,12),(125,0,'UNIV. CONCEPCIÓN','UDC',5,12),(126,0,'CURICÓ UNIDO','CCU',5,12),(127,0,'SAN LUIS','SLS',5,12),(128,0,'DEPORTES TEMUCO','TEM',5,12),(129,0,'MILLONARIOS','MIL',5,14),(130,0,'ATLÉTICO NACIONAL','NAL',5,14),(131,0,'HARMANUCI','HNC',5,14),(132,0,'BUCHANEVA','BCV',5,14),(133,0,'FLOSKRULE','FLS',5,14),(134,0,'GUIDRAENIALE','GDR',5,14),(135,0,'FOVRAGIZUM','FGZ',5,14),(136,0,'HEZTORRIUM','HZR',5,20),(137,0,'TYHUANZO','THZ',5,20),(138,0,'ESPIONORTE','EPI',5,20),(139,0,'POQUEHILLO','PQL',5,20),(140,0,'CONTAQUIPURA','CQP',5,20),(141,0,'GUARCHOMATO','GRM',5,52),(142,0,'NUERRUJIYO','NRJ',5,52),(143,0,'DUZAGHALIA','DZG',5,52),(144,0,'WAHUCHAMATE','WHC',5,52),(145,0,'ETAMUARANIES','ETM',5,52),(146,0,'SPORTING CRISTAL','CRS',5,53),(147,0,'CLUB ALIANZA LIMA','ALI',5,53),(148,0,'BIRAQUACHU','BRQ',5,53),(149,0,'QHARITUNBO','QHA',5,53),(150,0,'QUIMRIGNA','QRG',5,53),(151,0,'HUATYNCAN','HYC',5,53),(152,0,'AYATOHUA','AYH',5,53),(153,0,'HIENTOZARIO','HTZ',5,75),(154,0,'BAMGARRUA','BMR',5,75),(155,0,'DIAZAGRECCIO','DZC',5,75),(156,0,'XAVRENAGUEL','XVG',5,75),(157,0,'ZAGREPAQU','ZGP',5,75),(158,0,'CARIZUPELLO','CZP',5,78),(159,0,'UNLOCKED CLASSICS','UCL',5,78),(160,0,'COSMOPOLIZIA','CSM',5,78),(161,0,'HUERPOJAUZA','HPJ',5,78),(162,0,'KALAQUISONG CITY','KQC',6,3),(163,0,'BRISBANE ROAR FC','BRR',6,3),(164,0,'W. SYDNEY WANDERERS','WSW',6,3),(165,0,'ADELAIDE UNITED FC','ADU',6,3),(166,0,'GALATASARAY SK','GAL',0,72),(168,0,'KAA GENT','GNT',0,72),(169,0,'BORUSSIA MÖNCHENGLADBACH','BMO',0,72),(170,0,'VFB STUTTGART','VFB',0,72),(171,0,'TRUNECAN','TRN',0,72),(172,2,'ALBANIA','ALB',0,0),(173,0,'PABROWIESTEIN','PWS',0,4),(174,0,'RSC ANDERLECHT','RSC',0,5),(175,0,'FENERBAHÇE SK','FEN',0,72),(176,0,'FC SHAKHTAR DONETSK','SHK',0,73),(177,0,'GNK DINAMO ZAGREB','DZG',0,17),(178,0,'SK SLAVIA PRAHA','SLP',0,18),(179,0,'FC KØBENHAVN','KNH',0,19),(180,0,'MANCHESTER UNITED','MUN',0,22),(181,0,'ARSENAL FC','ARS',0,22),(182,0,'CHELSEA FC','CHE',0,22),(183,0,'LIVERPOOL FC','LIV',0,22),(184,0,'LEEDS UNITED','LEE',0,22),(185,0,'WEST HAM UNITED','WHU',0,22),(186,0,'NEWCASTLE UNITED','NEW',0,22),(187,0,'ASTON VILLA','ASV',0,22),(189,0,'MANCHESTER CITY','MCI',0,22),(190,0,'EVERTON','EVE',0,22),(191,0,'FULHAM FC','FUL',0,22),(192,0,'TOTTENHAM HOTSPUR','TOT',0,22),(193,0,'BIRMINGHAM CITY','BIR',0,22),(194,0,'BOLTON WANDERERS','BOL',0,22),(195,0,'LEICESTER CITY','LEI',0,22),(196,0,'MIDDLESBROUGH','MID',0,22),(197,0,'SOUTHAMPTON','SOU',0,22),(198,0,'WOLVERHAMPTON WANDERERS','WOL',0,22),(199,0,'BRIGHTON & HOVE ALBION','BHA',0,22),(200,0,'BURNLEY','BUR',0,22),(201,0,'CARDIFF CITY','CAR',0,22),(202,0,'CRYSTAL PALACE','CRY',0,22),(203,0,'DERBY COUNTRY','DER',0,22),(204,0,'IPSWICH TOWN','IPS',0,22),(205,0,'MILLWALL FC','MIL',0,22),(206,0,'NORWICH CITY','NOR',0,22),(207,0,'NOTTINGHAM FOREST','NFO',0,22),(208,0,'READING','REA',0,22),(209,0,'SHEFFIELD WEDNESDAY','SHW',0,22),(210,0,'STOKE CITY','STK',0,22),(211,0,'SUNDERLAND','SUN',0,22),(212,0,'WATFORD','WAT',0,22),(213,0,'WEST BROMWICH ALBION','WBA',0,22),(214,0,'QUEENS PARK RANGERS','QPR',0,22),(215,0,'BARNSLEY','BLN',0,22),(216,0,'HULL CITY','HUL',0,22),(217,0,'BRISTOL CITY','BCI',0,22),(218,0,'SWANSEA CITY','SWA',0,22),(219,0,'HUDDERSFIELD TOWN','HUD',0,22),(220,0,'AFC BOURNEMOUTH','BOU',0,22),(221,0,'BRENTFORD','BRE',0,22),(222,0,'PRESTON NORTH END','PNE',0,22),(223,0,'SHEFFIELD UNITED','SHU',0,22),(224,0,'THE OLD BOYS','TOB',0,22),(225,0,'BURTON ALBION','BUR',0,22),(226,0,'WORLD SELECTION','WOS',0,22),(227,0,'AS MONACO','MON',0,23),(228,0,'OLYMPIQUE DE MARSEILLE','OM',0,23),(229,0,'PARIS SAINT-GERMAIN','PSG',0,23),(230,0,'GIRONDINS DE BORDEAUX','GDB',0,23),(231,0,'AJ AUXERRE','AJA',0,23),(232,0,'OLYMPIQUE LYONNAIS','OL',0,23),(233,0,'RC LENS','RCL',0,23),(234,0,'AC AJACCIO','ACA',0,23),(235,0,'SC BASTIA','SCB',0,23),(236,0,'EN AVANT DE GUINGAMP','EAG',0,23),(237,0,'LOSC LILLE','LIL',0,23),(238,0,'MONTPELLIER HÉRAULT SC','MON',0,23),(239,0,'FC NANTES','FCN',0,23),(240,0,'OGC NICE','OGC',0,23),(241,0,'STADE RENNAIS FC','REN',0,23),(242,0,'FC SOCHAUX MONTBÉLIARD','SOC',0,23),(243,0,'TOULOUSE FC','TFC',0,23),(244,0,'ANGERS SCO','SCO',0,23),(245,0,'STADE MALHERBE CAEN','SMC',0,23),(246,0,'CHÂTEAUROUX','CUX',0,23),(247,0,'CLERMONT FOOT','CLE',0,23),(248,0,'HAVRE AC','HAC',0,23),(249,0,'FC LORIENT','FCL',0,23),(250,0,'AS NANCY LORRAINE','ASN',0,23),(251,0,'CHAMOIS NIORTAIS FC','NIO',0,23),(252,0,'AS SAINT-ÉTIENNE','STE',0,23),(253,0,'ESTAC TROYES','TRO',0,23),(254,0,'DIJON FCO','DIJ',0,23),(255,0,'STADE BRESTOIS 29','SB',0,23),(256,0,'STADE DE REIMS','SDR',0,23),(257,0,'VALENCIENNES FC','VA',0,23),(258,0,'TOURS FC','TOU',0,23),(259,0,'NÎMES OLYMPIQUE','NIM',0,23),(260,0,'GAZELEC FC AJACCIO','GAZ',0,23),(261,0,'FC METZ','FCM',0,23),(262,0,'AMIENS SC','ASC',0,23),(263,0,'BOURG EN BRESSE 01','BBP',0,23),(264,0,'US ORLEANS','USO',0,23),(265,0,'PARIS FC','PFC',0,23),(266,0,'RC STRASBOURG ALSACE','RCS',0,23),(267,0,'QUEVILLY ROUEN','QUR',0,23),(268,0,'BORUSSIA DORTMUND','BVB',0,24),(269,0,'PES UNITED','PES',0,24),(270,0,'BAYERN MUNICH','BAY',0,24),(271,0,'EINTRACHT FRANKFURT','EIN',0,24),(272,0,'XAKOULAGOS','XKG',0,24),(273,0,'1. FC KÖLN','FCK',0,24),(274,0,'TEDLOGHEC','TGH',0,24),(275,0,'1.FSV MAINZ 05','FCM',0,24),(276,0,'VFL WOLFSBURG','VFL',0,24),(277,0,'OLYMPIAKOS PIRAEUS','OLP',0,24),(278,0,'PANATHINAIKOS FC','PAN',0,24),(279,0,'AEK ATHENS FC','AEK',0,24),(280,0,'PAOK THESSALONIKI FC','TSP',0,24),(281,0,'HERTHA BSC','HER',0,24),(282,0,'FC AUGSBURG','AUG',0,24),(283,0,'SV WERDER BREMEN','GHR',0,24),(284,0,'KIRKSBURGH CITY','KKB',6,33),(285,0,'INTER','INT',0,35),(286,0,'JUVENTUS','JUV',0,35),(287,0,'AC MILAN','MIL',0,35),(288,0,'S.S. LAZIO','LAZ',0,35),(289,0,'PARMA CALCIO 1913','PAR',0,35),(290,0,'ACF FIORENTINA','FIO',0,35),(291,0,'AS ROMA','ROM',0,35),(292,0,'BOLOGNA FC 1909','BOL',0,35),(293,0,'BRESCIA CALCIO','BRE',0,35),(294,0,'A.C. CHIEVOVERONA','CHI',0,35),(295,0,'UDINESE CALCIO','UDI',0,35),(296,0,'ATALANTA B.C.','ATA',0,35),(297,0,'FC EMPOLI','EMP',0,35),(298,0,'US PALERMO','PAL',0,35),(299,0,'U.C. SAMPDORIA','SAM',0,35),(300,0,'ASCOLI PICCHIO FC 1898','ASC',0,35),(301,0,'FC BARI 1908','BAR',0,35),(302,0,'CAGLIARI CALCIO','CAG',0,35),(303,0,'GENOA CFC','GEN',0,35),(304,0,'SSC NAPOLI','NAP',0,35),(305,0,'DELFINO PESCARA 1936','PES',0,35),(306,0,'TERNANA CALCIO','TER',0,35),(307,0,'TORINO FOOTBALL CLUB','TOR',0,35),(308,0,'HELLAS VERONA FC','HEV',0,35),(309,0,'A.C. CESENA','CES',0,35),(310,0,'FC CROTONE','CRO',0,35),(311,0,'SPEZIA CALCIO','SPE',0,35),(312,0,'US SASSUOLO CALCIO','SAS',0,35),(313,0,'AS CITTADELLA','CIT',0,35),(314,0,'NOVARA CALCIO 1908','NOV',0,35),(315,0,'FC PRO VERCELLI 1892','PRV',0,35),(316,0,'FC CARPI 1909','CAR',0,35),(317,0,'US AVELLINO 1912','AVE',0,35),(318,0,'US CREMONESE','USC',0,35),(319,0,'VENEZIA FC','VEN',0,35),(320,0,'VIRTUS ENTELLA','ENT',0,35),(321,0,'BENEVENTO CALCIO','BEV',0,35),(322,0,'FROSINONE CALCIO','FRO',0,35),(323,0,'AC PERUGIA CALCIO','PER',0,35),(324,0,'US SALERNITANA 1919','SAL',0,35),(325,0,'SPAL','SPA',0,35),(326,0,'FOGGIA CALCIO','FOG',0,35),(327,0,'AFC AJAX','AJA',0,45),(328,0,'FEYENOORD ROTTERDAM','FEY',0,45),(329,0,'PSV EINDHOVEN','PSV',0,45),(330,0,'AZ ALKMAAR','AZ',0,45),(331,0,'ADO DEN HAAG','ADO',0,45),(332,0,'FC GRONINGEN','GRO',0,45),(333,0,'SC HEERENVEEN','HEE',0,45),(334,0,'NAC BREDA','NAC',0,45),(335,0,'RODA JC KERKRADE','RJC',0,45),(336,0,'FC TWENTE','TWE',0,45),(337,0,'FC UTRECHT','UTR',0,45),(338,0,'VITESSE','VIT',0,45),(339,0,'WILLEM II','WIL',0,45),(340,0,'PEC ZWOLLE','ZWO',0,45),(341,0,'SBV EXCELSIOR','EXC',0,45),(342,0,'HERACLES ALMELO','HER',0,45),(343,0,'SPARTA ROTTERDAM','SPA',0,45),(344,0,'VVV VENLO','VVV',0,45),(345,0,'MAARSFORT','MRF',0,49),(346,0,'FC MEUCHAWYZ','MWY',0,54),(347,0,'SL BENFICA','SLB',0,55),(348,0,'FC PORTO','POR',0,55),(349,0,'SPORTING CP','SPO',0,55),(350,0,'VITORIA GUIMARAES SC','GUI',0,55),(351,0,'CF BELENENSES LISSABON','BEL',0,55),(352,0,'SPORTING BRAGA','PRA',0,55),(353,0,'CS MARITIMO','MAR',0,55),(354,0,'FC PACOS DE FERREIRA','PFE',0,55),(355,0,'RIO AVE FC','RIO',0,55),(356,0,'VITORIA SETUBAL FC','SET',0,55),(357,0,'HAMBURGER SV','HAM',0,55),(358,0,'PORTIMONENSE FC','PSC',0,55),(359,0,'DESPORTIVO AVES','AVE',0,55),(360,0,'GD ESTORIL PRAIA','EST',0,55),(361,0,'CD FEIRENSE','FIR',0,55),(362,0,'MOREIRENSE FC','MOR',0,55),(363,0,'CD TONDELA','TON',0,55),(364,0,'GD CHAVES','CHA',0,55),(365,0,'BOAVISTA PORTO FC','BOA',0,55),(367,0,'SC FREIBURG','FRE',0,58),(368,0,'BAYER 04 LEVERKUSEN','LEV',0,58),(369,0,'HANNOVER 96','HAN',0,58),(370,0,'TSG 1899 HOFFENHEIM','TSG',0,58),(371,0,'FK SPARTAK MOSKVA','SMO',0,59),(372,0,'PFK CSKA MOSKVA','CSK',0,59),(373,0,'FK ZENIT ST. PETERSBURG','ZSP',0,59),(374,0,'WARYAMOSUK','WRY',0,59),(375,0,'RASEN BALLSPORT LEIPZIG','RLZ',0,59),(376,0,'FC SCHALKE 04','SCH',0,24),(377,0,'QUARPELATHER CITY','QPL',0,61),(378,0,'FC BARCELONA','FCB',0,67),(379,0,'REAL MADRID','RMA',0,67),(380,0,'VALENCIA CLUB DE FÚTBOL','VAL',0,67),(381,0,'RC DEPORTIVO','DEP',0,67),(382,0,'ATLÉTICO DE MADRID','ATM',0,67),(383,0,'REAL BETIS','BET',0,67),(384,0,'CELTA DE VIGO','CEL',0,67),(385,0,'REAL SOCIEDAD','RSO',0,67),(386,0,'ATHLETIC CLUB','ATH',0,67),(387,0,'RCD ESPANYOL','ESP',0,67),(388,0,'FC MALAGA','MAL',0,67),(389,0,'CA OSASUNA','OSA',0,67),(390,0,'FC SEVILLA','SEV',0,67),(391,0,'REAL VALLADOLID','RVA',0,67),(392,0,'FC VILLARREAL','VIL',0,67),(393,0,'REAL ZARAGOZA','ZAR',0,67),(394,0,'UD ALMERIA','ALM',0,67),(395,0,'FC CORDOBA','COR',0,67),(396,0,'FC GETAFE','GET',0,67),(397,0,'SPORTING GIJON','SPO',0,67),(398,0,'UD LAS PALMAS','LPA',0,67),(399,0,'UD LEVANTE','LEV',0,67),(400,0,'CD NUMANCIA','NUM',0,67),(401,0,'RAYO VALLECANO','RAY',0,67),(402,0,'FC GRANADA','BRA',0,67),(403,0,'FC GIRONA','GIR',0,67),(404,0,'SD HUESCA','HUE',0,67),(405,0,'AD ALCORCON','ALC',0,67),(406,0,'CD LUGO','LUG',0,67),(407,0,'FC BARCELONA B','FCB',0,67),(408,0,'DEPORTIVO ALAVES','ALA',0,67),(409,0,'SD EIBAR','EIB',0,67),(410,0,'CD TENERIFFE','TEN',0,67),(411,0,'CULTURAL LEONESA','CDL',0,67),(412,0,'REAL OVIEDO','ROV',0,67),(413,0,'CD LEGANES','LEG',0,67),(414,0,'GIMNASTIC DE TARRAGONA','GIM',0,67),(415,0,'REUS DEPORTIU','REU',0,67),(416,0,'ALBACETE BALOMPIE','ALB',0,67),(417,0,'FC CADIZ','CAD',0,67),(418,0,'LORCA FC','LOR',0,67),(419,0,'FC SEVILLA B','SAT',0,67),(420,0,'MALMÖ FF','MFF',0,68),(421,0,'FC BASEL 1893','BSL',0,69),(422,0,'BSC YOUNG BOYS','YGB',0,69),(423,0,'FC DYNAMO KYIV','DYK',0,73),(424,0,'CLUB BRUGGE','BRU',0,5),(425,0,'QAXOQAVOIY','QXQ',6,77),(426,0,'FK BUNYODKOR','BUN',6,77),(427,0,'FK LOKOMOTIV TASHKENT','LOT',6,77),(428,2,'ALGERIA','ALG',1,1),(429,2,'ARGENTINA','ARG',5,2),(430,2,'AUSTRALIA','AUS',6,3),(431,2,'AUSTRIA','AUT',0,4),(432,2,'BELGIUM','BEL',0,5),(433,2,'BOLIVIA','BOL',5,6),(434,2,'BOSNIA AND HERZEGOVINA','BIH',0,7),(435,2,'BRAZIL','BRA',5,8),(436,2,'BULGARIA','BUL',0,9),(437,2,'BURKINA FASO','BFA',1,10),(438,2,'CAMEROON','CMR',1,11),(439,2,'CHILE','CHL',5,12),(440,2,'CHINA','CHN',6,13),(441,2,'COLOMBIA','COL',5,14),(442,2,'COSTA RICA','CRI',4,15),(443,2,'CÔTE D\'IVOIRE','CIV',1,16),(444,2,'CROATIA','CRO',0,17),(445,2,'CZECH REPUBLIC','CZE',0,18),(446,2,'DENMARK','DEN',0,19),(447,2,'ECUADOR','ECU',5,20),(448,2,'EGYPT','EGY',1,21),(449,2,'ENGLAND','ENG',0,22),(450,2,'FRANCE','FRA',0,23),(451,2,'GERMANY','GER',0,24),(452,2,'GHANA','GHA',0,25),(453,2,'GREECE','GRE',0,26),(454,2,'GUINEA','GIN',0,27),(455,2,'HONDURAS','HND',0,28),(456,2,'HUNGARY','HUN',0,29),(457,2,'ICELAND','ISL',0,30),(458,2,'IRAN','IRN',6,31),(459,2,'IRAQ','IRQ',0,32),(460,2,'IRELAND','IRL',0,33),(461,2,'ISRAEL','ISR',0,34),(462,2,'ITALY','ITA',0,35),(463,2,'JAMAICA','JAM',4,36),(464,2,'JAPAN','JPN',6,37),(465,2,'JORDAN','JOR',6,38),(466,2,'KOREA DPR','PRK',6,39),(467,2,'KUWAIT','KWT',6,40),(468,2,'LEBANON','LBN',6,41),(469,2,'MALI','MLI',1,42),(470,2,'MEXICO','MEX',3,43),(471,2,'MOROCCO','MAR',1,44),(472,2,'NETHERLANDS','NED',0,45),(473,2,'NEW ZEALAND','NZL',6,46),(474,2,'NIGERIA','NGA',1,47),(475,2,'NORTHERN IRELAND','NIR',0,48),(476,2,'NORWAY','NOR',0,49),(477,2,'OMAN','OMN',6,50),(478,2,'PANAMA','PAN',4,51),(479,2,'PARAGUAY','PAR',5,52),(480,2,'PERU','PER',5,53),(481,2,'POLAND','POL',0,54),(482,2,'PORTUGAL','POR',0,55),(483,2,'QATAR','QAT',6,56),(484,2,'REPUBLIC OF KOREA','KOR',6,57),(485,2,'ROMANIA','ROU',0,58),(486,2,'RUSSIA','RUS',0,59),(487,2,'SAUDI ARABIA','SAU',6,60),(488,2,'SCOTLAND','SCO',0,61),(489,2,'SENEGAL','SEN',1,62),(490,2,'SERBIA','SER',0,63),(491,2,'SLOVAKIA','SVK',0,64),(492,2,'SLOVENIA','SVN',0,65),(493,2,'SOUTH AFRICA','ZAF',1,66),(494,2,'SPAIN','ESP',0,67),(495,2,'SWEDEN','SWE',0,68),(496,2,'SWITZERLAND','SUI',0,69),(497,2,'THAILAND','THA',6,70),(498,2,'TUNISIA','TUN',1,71),(499,2,'TURKEY','TUR',0,72),(500,2,'UKRAINE','UKR',0,73),(501,2,'UNITED ARAB EMIRATES','ARE',6,74),(502,2,'URUGUAY','URU',5,75),(503,2,'USA','USA',3,76),(504,2,'UZBEKISTAN','UZB',6,77),(505,2,'VENEZUELA','VEN',5,78),(506,2,'WALES','WAL',0,79),(507,2,'ZAMBIA','ZAM',1,80),(508,2,'HONG KONG','HKG',6,81),(509,2,'INDIA','IND',6,82),(510,2,'INDONESIA','IDN',6,83),(511,2,'VIETNAM','VNM',6,84),(512,2,'SINGAPORE','SGP',6,85),(513,1,'WORLD CLASSICS','WCL',7,-1),(514,1,'EUROPEAN CLASSICS','ECL',7,-1),(515,0,'Arsenal Tula','',0,59),(516,0,'Dynamo Moscou','',0,59),(517,0,'FC Akhmat Grozny','',0,59),(518,0,'FC Anzhi Makhachkala','',0,59),(519,0,'FC Enisey Krasnoyarsk','',0,59),(520,0,'FC Gazovik Orenburg','',0,59),(521,0,'FC Krasnodar','',0,59),(522,0,'FC Krylya Sovetov Samara','',0,59),(523,0,'FC Lokomotiv Moscou','',0,59),(524,0,'FC Oufa','',0,59),(525,0,'FC Rostov','',0,59),(526,0,'FC Rubin Kazan','',0,59),(527,0,'FC Ural Yekaterinburg','',0,59),(528,0,'FC Lugano','',0,69),(529,0,'FC Saint-Gall','',0,69),(530,0,'FC Sion','',0,69),(531,0,'FC Thoune','',0,69),(532,0,'FC Zürich','',0,69),(533,0,'Grasshopper Zürich','',0,69),(534,0,'Lucerne','',0,69),(535,0,'Neuchâtel Xamax','',0,69),(536,0,'Aalborg BK','',0,19),(537,0,'Aarhus GF','',0,19),(538,0,'AC Horsens','',0,19),(539,0,'Brondby IF','',0,19),(540,0,'Esbjerg FB','',0,19),(541,0,'FC Midtjylland','',0,19),(542,0,'FC Nordsjælland','',0,19),(543,0,'Hobro IK','',0,19),(544,0,'Odense Boldklub','',0,19),(545,0,'Randers Freja FC','',0,19),(546,0,'SonderjyskE','',0,19),(547,0,'Vejle Boldklub','',0,19),(548,0,'Vendsyssel FF','',0,19),(549,0,'Aberdeen','',0,61),(550,0,'Celtic Glasgow','',0,61),(551,0,'Dundee FC','',0,61),(552,0,'Glasgow Rangers','',0,61),(553,0,'Hamilton Academical','',0,61),(554,0,'Heart of Midlothian','',0,61),(555,0,'Hibernian Edimbourg','',0,61),(556,0,'Kilmarnock','',0,61),(557,0,'Livingston','',0,61),(558,0,'Motherwell','',0,61),(559,0,'Saint Johnstone FC','',0,61),(560,0,'Saint Mirren FC','',0,61),(561,0,'Cercle Bruges','',0,5),(562,0,'Club Bruges','',0,5),(563,0,'K.V. Courtrai','',0,5),(564,0,'KAA La Gantoise','',0,5),(565,0,'KAS Eupen','',0,5),(566,0,'KRC Genk','',0,5),(567,0,'KV Ostende','',0,5),(568,0,'Lokeren','',0,5),(569,0,'Red Star Waasland-Beveren','',0,5),(570,0,'Royal Anvers FC','',0,5),(571,0,'Royal Excel Mouscron','',0,5),(572,0,'Saint-Trond','',0,5),(573,0,'Sporting Charleroi','',0,5),(574,0,'Standard Liège','',0,5),(575,0,'Zulte-Waregem','',0,5),(577,0,'Nacional Madeira','',0,55),(578,0,'Santa Clara','',0,55),(579,0,'Aldosivi','',5,2),(580,0,'San Martín Tucumán','',5,2),(581,0,'Blackburn Rovers','',0,22),(582,0,'Rotherham United','',0,22),(583,0,'Wigan Athletic','',0,22),(584,0,'Grenoble','',0,23),(585,0,'AS Béziers Foot','',0,23),(586,0,'Red Star FC','',0,23),(587,0,'Cosenza','',0,35),(588,0,'Lecce','',0,35),(589,0,'Livorno','',0,35),(590,0,'Padova','',0,35),(591,0,'De Graafschap','',0,45),(592,0,'FC Emmen','',0,45),(593,0,'Fortuna Sittard','',0,45);
/*!40000 ALTER TABLE `teams` ENABLE KEYS */;
UNLOCK TABLES;

--
-- Table structure for table `teams_type`
--

DROP TABLE IF EXISTS `teams_type`;
/*!40101 SET @saved_cs_client     = @@character_set_client */;
/*!40101 SET character_set_client = utf8 */;
CREATE TABLE `teams_type` (
  `id` int(11) NOT NULL,
  `type` text,
  PRIMARY KEY (`id`)
) ENGINE=InnoDB DEFAULT CHARSET=latin1;
/*!40101 SET character_set_client = @saved_cs_client */;

--
-- Dumping data for table `teams_type`
--

LOCK TABLES `teams_type` WRITE;
/*!40000 ALTER TABLE `teams_type` DISABLE KEYS */;
INSERT INTO `teams_type` VALUES (0,'club'),(1,'all star'),(2,'country');
/*!40000 ALTER TABLE `teams_type` ENABLE KEYS */;
UNLOCK TABLES;

--
-- Table structure for table `zones`
--

DROP TABLE IF EXISTS `zones`;
/*!40101 SET @saved_cs_client     = @@character_set_client */;
/*!40101 SET character_set_client = utf8 */;
CREATE TABLE `zones` (
  `id` int(11) NOT NULL,
  `name` text,
  `abbreviation` text,
  PRIMARY KEY (`id`)
) ENGINE=InnoDB DEFAULT CHARSET=latin1;
/*!40101 SET character_set_client = @saved_cs_client */;

--
-- Dumping data for table `zones`
--

LOCK TABLES `zones` WRITE;
/*!40000 ALTER TABLE `zones` DISABLE KEYS */;
INSERT INTO `zones` VALUES (0,'europe','eur'),(1,'afrique','afr'),(2,'amerique','ame'),(3,'amerique nord','amn'),(4,'amerique centrale','amc'),(5,'amerique sud','ams'),(6,'asie océanie','aso'),(7,'Équipes classiques','eqc');
/*!40000 ALTER TABLE `zones` ENABLE KEYS */;
UNLOCK TABLES;
/*!40103 SET TIME_ZONE=@OLD_TIME_ZONE */;

/*!40101 SET SQL_MODE=@OLD_SQL_MODE */;
/*!40014 SET FOREIGN_KEY_CHECKS=@OLD_FOREIGN_KEY_CHECKS */;
/*!40014 SET UNIQUE_CHECKS=@OLD_UNIQUE_CHECKS */;
/*!40101 SET CHARACTER_SET_CLIENT=@OLD_CHARACTER_SET_CLIENT */;
/*!40101 SET CHARACTER_SET_RESULTS=@OLD_CHARACTER_SET_RESULTS */;
/*!40101 SET COLLATION_CONNECTION=@OLD_COLLATION_CONNECTION */;
/*!40111 SET SQL_NOTES=@OLD_SQL_NOTES */;

-- Dump completed on 2018-07-26 17:03:02
